Founded,Decada,Siglo
1900,1900s,XX
1901,1900s,XX
1902,1900s,XX
1903,1900s,XX
1904,1900s,XX
1905,1900s,XX
1906,1900s,XX
1907,1900s,XX
1908,1900s,XX
1909,1900s,XX
1910,1910s,XX
1911,1910s,XX
1912,1910s,XX
1913,1910s,XX
1914,1910s,XX
1915,1910s,XX
1916,1910s,XX
1917,1910s,XX
1918,1910s,XX
1919,1910s,XX
1920,1920s,XX
1921,1920s,XX
1922,1920s,XX
1923,1920s,XX
1924,1920s,XX
1925,1920s,XX
1926,1920s,XX
1927,1920s,XX
1928,1920s,XX
1929,1920s,XX
1930,1930s,XX
1931,1930s,XX
1932,1930s,XX
1933,1930s,XX
1934,1930s,XX
1935,1930s,XX
1936,1930s,XX
1937,1930s,XX
1938,1930s,XX
1939,1930s,XX
1940,1940s,XX
1941,1940s,XX
1942,1940s,XX
1943,1940s,XX
1944,1940s,XX
1945,1940s,XX
1946,1940s,XX
1947,1940s,XX
1948,1940s,XX
1949,1940s,XX
1950,1950s,XX
1951,1950s,XX
1952,1950s,XX
1953,1950s,XX
1954,1950s,XX
1955,1950s,XX
1956,1950s,XX
1957,1950s,XX
1958,1950s,XX
1959,1950s,XX
1960,1960s,XX
1961,1960s,XX
1962,1960s,XX
1963,1960s,XX
1964,1960s,XX
1965,1960s,XX
1966,1960s,XX
1967,1960s,XX
1968,1960s,XX
1969,1960s,XX
1970,1970s,XX
1971,1970s,XX
1972,1970s,XX
1973,1970s,XX
1974,1970s,XX
1975,1970s,XX
1976,1970s,XX
1977,1970s,XX
1978,1970s,XX
1979,1970s,XX
1980,1980s,XX
1981,1980s,XX
1982,1980s,XX
1983,1980s,XX
1984,1980s,XX
1985,1980s,XX
1986,1980s,XX
1987,1980s,XX
1988,1980s,XX
1989,1980s,XX
1990,1990s,XX
1991,1990s,XX
1992,1990s,XX
1993,1990s,XX
1994,1990s,XX
1995,1990s,XX
1996,1990s,XX
1997,1990s,XX
1998,1990s,XX
1999,1990s,XX
2000,2000s,XXI
2001,2000s,XXI
2002,2000s,XXI
2003,2000s,XXI
2004,2000s,XXI
2005,2000s,XXI
2006,2000s,XXI
2007,2000s,XXI
2008,2000s,XXI
2009,2000s,XXI
2010,2010s,XXI
2011,2010s,XXI
2012,2010s,XXI
2013,2010s,XXI
2014,2010s,XXI
2015,2010s,XXI
2016,2010s,XXI
2017,2010s,XXI
2018,2010s,XXI
2019,2010s,XXI
2020,2020s,XXI
2021,2020s,XXI
2022,2020s,XXI
2023,2020s,XXI
2024,2020s,XXI
2025,2020s,XXI
2026,2020s,XXI
2027,2020s,XXI
2028,2020s,XXI
2029,2020s,XXI
2030,2030s,XXI
