implementacion,n,barajado,semilla,t_carga_us,t_insercion_us,t_busqueda_pk_prom_us,t_busqueda_pk_peor_us,t_scan_us,t_reorganizacion_us,paginas,registros_vivos,bytes_en_disco,tumbas,bytes_desperdiciados,paginas_leidas,paginas_escritas,paginas_leidas_por_busqueda,reorganizaciones_auto,t_reorganizaciones_auto_us,paginas_principal,registros_auxiliares,umbral,factor_llenado
secuencial,1000,1,42,583,55740,12,11,451,7589,44,1000,184320,300,42221,6027,1120,6,6,41564,44,0,0.3,0.8
secuencial,1000,0,42,557,61969,12,23,468,6819,44,1000,184320,300,42205,5576,1137,6,7,47759,37,174,0.3,0.8
secuencial,10000,1,42,4395,282516,37,193,5624,17260,360,10000,1478656,3000,421040,90721,10833,19,9,82649,265,2609,0.3,0.8
secuencial,10000,0,42,4140,286906,33,169,5367,11492,427,10000,1753088,3000,420509,87027,11426,20,13,106432,331,2669,0.3,0.8
secuencial,100000,1,42,42556,3425833,282,1985,46890,127383,3588,100000,14700544,30000,4208941,1242656,108337,115,13,250495,2663,25629,0.3,0.8
secuencial,100000,0,42,41059,2764095,83,756,45767,43583,4419,100000,18104320,30000,4204206,1193318,116997,35,20,334229,4037,10625,0.3,0.8
secuencial,1000,1,42,587,54777,11,11,548,6525,44,1000,184320,300,42221,6027,1120,6,6,41433,44,0,0.3,0.8
secuencial,1000,0,42,597,60545,14,23,482,7792,44,1000,184320,300,42205,5576,1137,6,7,46856,37,174,0.3,0.8
secuencial,10000,1,42,4477,286829,35,169,3771,16274,360,10000,1478656,3000,421040,90721,10833,19,9,81839,265,2609,0.3,0.8
secuencial,10000,0,42,4259,278030,32,172,3835,10600,427,10000,1753088,3000,420509,87027,11426,20,13,102584,331,2669,0.3,0.8
secuencial,100000,1,42,42701,3415130,299,1840,49245,125572,3588,100000,14700544,30000,4208941,1242656,108337,115,13,261174,2663,25629,0.3,0.8
secuencial,100000,0,42,41571,2749017,78,721,47681,42017,4419,100000,18104320,30000,4204206,1193318,116997,35,20,316073,4037,10625,0.3,0.8
secuencial,1000,1,42,568,54941,11,11,443,6805,44,1000,184320,300,42221,6027,1120,6,6,41296,44,0,0.3,0.8
secuencial,1000,0,42,559,60456,12,24,470,8677,44,1000,184320,300,42205,5576,1137,6,7,46199,37,174,0.3,0.8
secuencial,10000,1,42,4136,261507,37,187,5233,17042,360,10000,1478656,3000,421040,90721,10833,19,9,75350,265,2609,0.3,0.8
secuencial,10000,0,42,4958,272171,55,256,3437,10262,427,10000,1753088,3000,420509,87027,11426,20,13,101517,331,2669,0.3,0.8
secuencial,100000,1,42,42913,3448695,257,1814,46575,123463,3588,100000,14700544,30000,4208941,1242656,108337,115,13,266314,2663,25629,0.3,0.8
secuencial,100000,0,42,40806,2752671,83,708,45019,40811,4419,100000,18104320,30000,4204206,1193318,116997,35,20,304385,4037,10625,0.3,0.8
secuencial,1000,1,42,864,61078,11,11,439,8440,44,1000,184320,300,42221,6027,1120,6,6,48212,44,0,0.3,0.8
secuencial,1000,0,42,546,57776,11,23,454,8378,44,1000,184320,300,42205,5576,1137,6,7,45072,37,174,0.3,0.8
secuencial,10000,1,42,4257,266895,35,196,4408,16630,360,10000,1478656,3000,421040,90721,10833,19,9,75128,265,2609,0.3,0.8
secuencial,10000,0,42,4404,278659,32,162,3561,9915,427,10000,1753088,3000,420509,87027,11426,20,13,102146,331,2669,0.3,0.8
secuencial,100000,1,42,43081,3375258,358,2180,53593,127050,3588,100000,14700544,30000,4208941,1242656,108337,115,13,252399,2663,25629,0.3,0.8
secuencial,100000,0,42,41277,2738910,83,718,47142,42932,4419,100000,18104320,30000,4204206,1193318,116997,35,20,310646,4037,10625,0.3,0.8
secuencial,1000,1,42,602,55276,11,11,443,8434,44,1000,184320,300,42221,6027,1120,6,6,42323,44,0,0.3,0.8
secuencial,1000,0,42,544,60772,13,23,601,6857,44,1000,184320,300,42205,5576,1137,6,7,47704,37,174,0.3,0.8
secuencial,10000,1,42,4407,267093,33,166,4130,16489,360,10000,1478656,3000,421040,90721,10833,19,9,81535,265,2609,0.3,0.8
secuencial,10000,0,42,4162,274281,31,159,3486,9600,427,10000,1753088,3000,420509,87027,11426,20,13,101716,331,2669,0.3,0.8
secuencial,100000,1,42,42973,3395289,266,2014,47380,123154,3588,100000,14700544,30000,4208941,1242656,108337,115,13,265446,2663,25629,0.3,0.8
secuencial,100000,0,42,40813,2792252,78,886,46549,42071,4419,100000,18104320,30000,4204206,1193318,116997,35,20,326946,4037,10625,0.3,0.8
secuencial,1000,1,42,556,53331,11,11,453,7662,44,1000,184320,300,42221,6027,1120,6,6,40363,44,0,0.3,0.8
secuencial,1000,0,42,573,58224,11,22,453,7126,44,1000,184320,300,42205,5576,1137,6,7,45479,37,174,0.3,0.8
secuencial,10000,1,42,4378,257373,34,168,4350,16679,360,10000,1478656,3000,421040,90721,10833,19,9,77639,265,2609,0.3,0.8
secuencial,10000,0,42,4085,272630,32,160,3763,9800,427,10000,1753088,3000,420509,87027,11426,20,13,101364,331,2669,0.3,0.8
secuencial,100000,1,42,41522,3370833,279,1990,48168,128860,3588,100000,14700544,30000,4208941,1242656,108337,115,13,269281,2663,25629,0.3,0.8
secuencial,100000,0,42,43919,2793400,78,722,46013,40476,4419,100000,18104320,30000,4204206,1193318,116997,35,20,311562,4037,10625,0.3,0.8
