estructura,n,operacion,parametro,tiempo_ms,filas,paginas,bytes
gist,1000,construccion,0,10.6120,1000,,73728
gist,1000,knn,10,0.1810,10,,
gist,1000,knn,50,0.3166,50,,
gist,1000,knn,100,0.3475,100,,
gist,1000,rango,1000,0.0529,2.17,,
gist,1000,rango,5000,0.0589,29.91,,
gist,1000,rango,10000,0.1950,104.18,,
gist,10000,construccion,0,42.0010,10000,,696320
gist,10000,knn,10,0.1745,10,,
gist,10000,knn,50,0.2407,50,,
gist,10000,knn,100,0.4253,100,,
gist,10000,rango,1000,0.1082,13.61,,
gist,10000,rango,5000,0.3575,284.06,,
gist,10000,rango,10000,0.6581,1024.09,,
gist,100000,construccion,0,424.3030,100000,,6684672
gist,100000,knn,10,0.1910,10,,
gist,100000,knn,50,0.6155,50,,
gist,100000,knn,100,0.5629,100,,
gist,100000,rango,1000,0.5438,126.1,,
gist,100000,rango,5000,2.8231,2895.34,,
gist,100000,rango,10000,7.1559,10369.89,,
